character_id,name
nm0654863,Rasim Öztekin
nm1759693,Soray Uzun
nm2278061,Özlem Türkad
nm0174668,Yasemin Çonka
nm3104067,Hakan Bulut
nm1760586,Ayse Tolga
nm5271165,Tolunay Donat
nm0439084,Suzan Kardes
nm5271161,Mehmet Elmas
nm5271239,Haci Ali Konuk
nm4907206,Özlem Balci
nm1759769,Berat Yenilmez
nm5288063,Eray Yasin Isik
nm5271082,Osman Büyükercan
nm5271101,Betül Berk
nm5271258,Begüm Öner
nm2695609,Ceyhun Fersoy
nm1728127,Necmi Yapici
nm1699105,Askin Senol
nm5506725,Faruk Sofuoglu
nm5271229,Onur Dilber
nm5326377,Yasin Kaya
nm8453356,Ali Fuad Pekzeren
nm2913992,Tahsin Taskin
nm2485360,Kemal Kuruçay
nm2930645,Umut Vardarli
nm2898368,Aydin Sarman
nm1698635,Ilker Ayrik
nm7336425,Etem Caner Karaüç
nm1077143,Yorgos Lambatos
nm1049776,Alptekin Ergür
nm7021525,Gokberk Demirci
nm3272008,Can Verel
nm6159254,Ceyda Olguner
nm7859372,Gül Arcan
nm9570448,Berkent Müftüler
nm8464718,Derya Kurtulus
nm2565099,Tugçe Ersoy
nm1855390,Mustafa Simsek
nm1001765,Leighton Reynolds
nm1017669,Mona Botros
nm1017619,Aquiles Benites
nm9790593,Yagmur Çokgenç
nm9985851,Oguzhan Kayra Koc
nm1093499,Carolyn Goldman
nm1104776,Thierry Brunet
nm8557415,Irfan Kilinc
nm9657831,Nur Yazar
nm1074862,Deborah Klein
nm1061259,Lori McDonald
nm3668045,Pervin Balci
nm1043172,Jean Vitton
nm9745769,Kadir Kagan Bayram
nm1019940,Claude Scasso
nm5279223,Gonca Yakut
nm4906800,Volkan Murat Benli
nm1097661,Yasushige Kanehara
nm1097885,Curtis Knutson
nm3478813,Hakan Terme
nm2277045,Tolgahan Sayisman
nm2899031,Yildiz Çagri Atiksoy
nm4275268,Erkan Avci
nm5992669,Ilayda Alisan
nm2606110,Mehmet Bozdogan
nm1032141,Farida Rahmatoullah
nm8703553,Emir Özyakisir
nm0654874,Erdal Özyagcilar
nm9229696,Bahar Suer
nm8624242,Berk Yaygin
nm5408575,Özgür Ege Nalci
nm7990085,Leya Kirsan
nm3001790,Burak Kut
nm2433192,Gökhan Atalay
nm1002136,Emilia Varini
nm9731391,Tuana Naz Tiryaki
nm7591124,Yagiz Kilinc
nm3667720,Burcu Altin
nm1025919,John Willett
nm7799703,Deniz Erayvaz
nm4842088,Emre Sen
nm3738001,Ebubekir Öztürk
nm4340019,Helin Melike Çal
nm1896235,Turan Günay
nm1050497,Darren Shmyr
nm8902394,Ilker Coskun
nm1031446,Olivia Moreau
nm9373287,Özüm Çakir
nm1036616,Kaylynn
nm4146405,Kadir Dogulu
nm5271084,Devrim Özkan
nm2040571,Mehmet Özgür
nm6844214,Ümit Kantarcilar
nm8805149,Pelin Uluksar
nm4356786,Gamze Süner Atay
nm8793242,Baran Bölükbasi
nm1201750,Erdem Akakçe
nm1279883,Murat Karasu
nm2240777,Osman Alkas
nm7487477,Gözde Kaya
nm1699182,Özcan Varayli
nm5290363,Mert Karabulut
nm1036254,Marcel Zanini
nm1699432,Hikmet Körmükçü
nm6906819,Baris Kislak
nm4431675,Sennur Nogaylar
nm8227622,Mehmet Emin Kadagan
nm9469051,Dogukan Tongel
nm8559512,Pinar Bibin
nm8422199,Görkem Mete Demir
nm9487242,Serra Pirinç
nm1802006,Nurhan Özenen
nm9671171,Musa Evren
nm9437044,Onur Seyit Yaran
nm7684271,Yaprak Durmaz
nm4577662,Ergul Miray Sahin
nm1061589,Manuela Torroni
nm9784438,Berkay Veli
nm9878295,Sila Özlem Önemli
nm2501981,Emrah Akduman
nm9878294,Sude Dogar
nm1868520,Keiko Belir Yarar
nm8610471,Özlem Gezgin
nm9486622,Dogu Demirkol
nm2906509,Ece Çesmioglu
nm0019338,Zafer Algöz
nm1282801,Asuman Dabak
nm2486207,Baris Yildiz
nm4236985,Yeliz Kuvanci
nm1954267,Hande Katipoglu
nm1256344,Bora Akkas
nm7045459,Dilek Çelebi
nm9741833,Dilhan Naz Özgülüs
nm1702870,Ugur Serhan
nm1125645,Marie-Claire Dacquet
nm1759786,Sinasi Yurtsever
nm6659651,Ozan Çelik
nm1148648,Guga Feijó
nm1486500,Nehir Erdogan
nm2534730,Kutsi
nm7957298,Mustafa Mert Koç
nm9621862,Rabia Soyturk
nm2581382,Mehmet Çevik
nm1197073,Kaan Çakir
nm3170416,Ece Ozdikici
nm1088027,John Nguyen
nm3273956,Nizam Namidar
nm1974363,Zeyno Eracar
nm7832766,Muharrem Türkseven
nm5588331,Hande Kaptan
nm1124228,Hans Cronier
nm4907652,Murat Danaci
nm1856641,Sebnem Zorlu
nm3002592,Burçin Birben
nm2931111,Birsen Dürülü
nm9612030,Gamze Doganoglu
nm1012796,Paul Beaver
nm1094561,Yuri Potapov
nm0786920,Serif Sezer
nm0582489,Gökhan Mete
nm1089948,Arthur Hansen Jr.
nm1110722,María Sol Rourich
nm1043001,Kôzaburô Onogawa
nm6445390,Seher Çuhadar
nm1124877,Mark Schwab
nm4068350,Taner Ölmez
nm6163029,Onur Tuna
nm9504787,Sinem Ünsal
nm7973284,Hazal Türesan
nm5909868,Murat Aygen
nm1843091,Özge Özder
nm1970866,Reha Özcan
nm3253878,Bihter Dinçel
nm8419930,Hayal Köseoglu
nm6751268,Firat Altunmese
nm5190830,Korhan Herduran
nm6163030,Merve Bulut
nm1098886,Stanislaw Mucha
nm1098621,L. Mark Medernach
nm1194907,Bülent Inal
nm1715246,Özlem Conker
nm1687151,Hakan Boyav
nm8874319,Bahadir Yenisehirlioglu
nm5423638,Can Sipahi
nm8783577,Duygu Gürcan
nm1699176,Ali Nuri Türkoglu
nm8617660,Yusuf Aytekin
nm5604919,Kaan Turgut
nm4340580,Selen Öztürk
nm9671096,Zeynep Özan
nm7654200,Ercument Fidan
nm1699178,Gürkan Uygun
nm1772604,Erdem Ergüney
nm2027091,Tolga Öztürk
nm5068956,Eren Hacisalihoglu
nm0539616,Kevork Malikyan
nm1758901,Taner Ertürkler
nm1728174,Ufuk Özkan
nm1727920,Erkan Sever
nm1699625,Ayça Varlier
nm1699266,Mehtap Bayri
nm1202823,Emin Gürsoy
nm6881766,Nalan Okcuoglu
nm3272081,Asli Omag
nm1699208,Kerim Yagci
nm5959396,Alper Saylik
nm9437046,Sena Çakir
nm9639827,Ilayda Aydin
nm9437043,Alican Okumus
nm9437045,Ece Aydemir
nm1702614,Can Kiran
nm8700180,Öznur Ön
nm9566753,Burak Diri
nm1869664,Bayazit Gülercan
nm9639828,Andrey Polyanin
nm9437047,Pelin Sahin
nm1759178,Kerem Kupaci
nm1699427,Füsun Kostak
nm6709897,Hakan Eksen
nm3730058,Hayrettin Karaoguz
nm9639831,Ali Dinç
nm5757203,Coskun Kemer
nm1002228,Ferhat Yilmaz
nm1778096,Engin Akyürek
nm3744351,Neslihan Atagül
nm5663163,Uraz Kaygilaroglu
nm1778557,Erdal Küçükkömürcü
nm7754258,Erhan Alpay
nm7886047,Konca Cilasun
nm3105058,Dogukan Polat
nm6521093,Tulin Yazkan
nm3848698,Edip Tepeli
nm9493015,Cemre Öktem
nm8243437,Hivda Zizan Alp
nm1121319,Yefim Kuchuk
nm1732682,Özlem Çakar Yalçinkaya
nm2074506,Esra Kizildogan
nm9256173,Duygu Karaca
nm6517058,Nilüfer Kiliçaslan
nm7351489,Sami Aksu
nm1013420,Yumi Kuroda
nm9104187,Ilayda Ildir
nm9598489,Furkan Aksoy
nm4199420,Aras Bulut Iynemli
nm5331335,Erkan Kolçak Köstendil
nm1727210,Öner Erkan
nm1727502,Riza Kocaoglu
nm8496759,Kubilay Aka
nm3692062,Mustafa Kirantepe
nm3692801,Kadir Çermik
nm8060565,Cem Uslu
nm5935295,Ertugrul Aytaç Usun
nm9253690,Ece Yasar
nm0767491,Perihan Savas
nm1204660,Boncuk Yilmaz
nm1764012,Irem Altug
nm8612613,Ugur Yildiran
nm1941926,Ercan Kesal
nm9675052,Volkan Kiran
nm6422413,Dilan Çiçek Deniz
nm9675053,Alp Demiray
nm3784534,Necip Memili
nm9675051,Halil Tekes
nm9777482,Metehan Özcan
nm8876684,Mahmut Kotan
nm4571388,Berkay Ates
nm1728957,Deniz Ugur
nm7487579,Ozan Dolunay
nm9619191,Sera Kutlubey
nm9253738,Berker Güven
nm8690064,Simay Barlas
nm8419928,Idris Nebi Taskan
nm5722613,Aysen Sezerel
nm2458836,Gamze Demirbilek
nm1728948,Mine Tugay
nm8823972,Bahar Sahin
nm0476334,Fikret Kuskan
nm1055476,Jeff Garstecki
nm9647090,Haci Bayram Dalkiliç
nm9851431,Melih Köklü
nm9725010,Senol Sahin
nm9758362,Cihangir Aktas
nm1027661,André Elias
nm1060170,Brian Burton
nm1034977,Brian Campbell
nm9183655,Sevcan Sini
nm3843449,Özge Özpirinçci
nm3319111,Caner Cindoruk
nm6706301,Seray Kaya
nm0947986,Bennu Yildirimlar
nm8470850,Kubra Suzgun
nm9437757,Ali Semi Sefil
nm1076451,Feyyaz Duman
nm2120900,Serif Erol
nm7062041,Gökçe Eyüboglu
nm1861741,Yasar Üzer
nm1760668,Ahu Yagtu
nm3635756,Ayça Erturan
nm1728069,Gazanfer Ündüz
nm1727076,Caner Çandarli
nm3372768,Devrim Özder Akin
nm9714097,Egemen Eksi
nm9714098,Emre Eksi
nm1731801,Timuçin Esen
nm1204652,Okan Yalabik
nm2380884,Ebru Özkan
nm6870289,Kaan Yildirim
nm9040101,Aytaç Sasmaz
nm7819421,Damla Colbay
nm9622433,Seher Izgi
nm1732318,Murat Yildirim
nm7061820,Esra Bilgic
nm1141727,Ayten Kayali
nm0456400,Nazan Kesal
nm1385304,Ismail Hacioglu
nm4121118,Serhat Teoman
nm7487580,Merve Çagiran
nm2437691,Ceyda Ates
nm7899734,Kenan Acar
nm1021624,Clarissa Hillel
nm1093873,Peter David
nm1098054,Gene R. LaRocque
nm9600361,Emre Yetek
nm9507210,Hüseyin Hastarla
nm1136839,Oktay Korunan
nm9748945,Selda Aktuna
nm1096379,Charley Dujardin
nm9167031,Oktay Samurkas
nm1088692,David Mason
nm1011453,Stella Knypstra
nm1904998,Salahsun Hekimoglu
nm2965591,Ibrahim Celikkol
nm6122125,Demet Özdemir
nm1702545,Engin Hepileri
nm0312648,Zuhal Gencer
nm8940110,Senan Kara
nm2514914,Fatih Koyunoglu
nm2491897,Zeynep Kumral
nm3435022,Elif Sönmez
nm0245249,Hülya Duyar
nm6892146,Incinur Dasdemir
nm1125224,Ralph Barbagallo
nm1015020,Allan Jacobsen
nm7808511,Kayra Aleyna Zabçi
nm0218521,Nursim Demir
nm0456833,Nail Kirmizigül
nm4158669,Sinan Demirer
nm2998788,Betül Demir
nm8521876,Mehmet Korhan Firat
nm3338150,Hilal Uysun
nm5291384,Ali Oguz Senol
nm1053761,Mark Murphy
nm5645823,Ayça Aysin Turan
nm7487581,Alperen Duymaz
nm6806668,Hazal Filiz Küçükköse
nm5835174,Emir Çubukçu
nm1754373,Zerrin Tekindor
nm1205293,Sebnem Dönmez
nm1010747,Ian Boothby
nm7373703,Müfit Kayacan
nm1155781,Gavin Magnuson
nm2775648,Nihal G. Koldas
nm0351638,Lila Gürmen
nm6333300,Buket Gulbeyaz
nm8002334,Sahra Sas
nm5384553,Caglar Ertugrul
nm2265464,Burcu Özberk
nm7144136,Benian Dönmez
nm2561642,Nese Baykent
nm3601705,Taner Rumeli
nm9592084,Serkay Tütüncü
nm7487478,Zeynep Tugçe Bayat
nm8823973,Asena Tugal
nm2060338,Ozan Daggez
nm8558550,Güzide Arslan
nm9109316,Beril Pozam
nm0259472,Altan Erkekli
nm1046759,Lena Shazal
nm4577641,Ugur Uzunel
nm1034143,Tom McCall
nm1012111,José Antonio San Millán
nm1086391,Valarie Puson
nm2614414,Öner Ates
nm9622818,Zeynep Sahin
nm1087261,Frederick B. Owens
nm9637466,Vural Ceylan
nm1065240,Hans Finohr
nm1086662,Fritz Sundermann
nm1699368,Vahide Perçin
nm4337355,Hilal Altinbilek
nm2131627,Murat Ünalmis
nm5890167,Ugur Günes
nm0043724,Turgay Aydin
nm1700847,Bülent Polat
nm1320251,Sibel Tasçioglu
nm1061057,Alex Baldwin
nm6446613,Selin Yeninci
nm1002652,Bill Dolan
nm1754370,Serpil Tamur
nm1703192,Yeliz Dogramacilar
nm2349431,Kadim Yasar
nm1000300,Kerem Alisik
nm1023143,Polly Cassell
nm6709350,Ebru Ünlü
nm4784393,Melike Yalova
nm8568288,Ebru Aytemur
nm8419929,Akin Akinözü
nm9481019,Ebru Sahin
nm2073078,Gülçin Santircioglu
nm1699172,Serhat Tutumluer
nm1121807,Ayda Aksel
nm5678651,Ahmet Tansu Tasanlar
nm1893621,Serdar Özer
nm2878849,Gülçin Hatihan
nm7475453,Ilay Erkök
nm3298047,Cahit Gök
nm2700530,Günes Hayat
nm1076144,Aydan Burhan
nm7693045,Asli Samat
nm9641105,Ebrar Alya Demirbilek
nm1091314,Macit Sonkan
nm8410412,Oya Unustasi
nm1760673,Duygu Yetis
nm1106652,Sven Werner
nm1856458,Inci Sen
nm1699652,Feride Çetin
nm1310982,Atilla Pakdemir
nm3520159,Aydan Tas
nm3952865,Gokhan Yavuz
nm0258890,Zafer Ergin
nm1281872,Sevket Çoruh
nm1688458,Özgür Ozan
nm3635880,Alp Korkmaz
nm2066190,Yüsra Geyik
nm2360343,Onur Bay
nm2363492,Kerimhan Duman
nm8296726,Garip Kont
nm2362990,Furkan Göksel
nm1699653,Özlem Çinar
nm1299259,Figen Evren
nm0869292,Nazli Tosunoglu
nm2116811,Ipek Yaylacioglu
nm9745216,Efe Günay
nm9745218,Kaan Uslu
nm2359584,Ilker Yigen
nm2041557,Ugur Pektas
nm1862613,Hülya Kalebayir Çelik
nm1078093,Filiz Taçbas
nm1323837,Alev Oraloglu
nm1012229,Sean Spanninger
nm2517855,Manolya Asik
nm8261362,Tunç Oguz
nm1758648,Can Basak
nm2877546,Berk Oktay
nm1759557,Murat Serezli
nm9809883,Dogan Bayraktar
nm6896244,Ali Tarik Findik
nm1727704,Serhat Nalbantoglu
nm9651103,Ersin Olgaç
nm2032792,Nazan Diper
nm1798876,Alp Öyken
nm4907732,Gaye Turgut
nm1778598,Sarp Levendoglu
nm4808450,Burç Kümbetlioglu
nm5726905,Ugur Bicer
nm4783185,Bahadir Vatanoglu
nm1855667,Yeliz Akkaya
nm4264294,Onur Özaydin
nm8029212,Sahverdi Ali Eren
nm4943208,Firat Albayram
nm8379439,Zeynep Elçin
nm9809884,Yigit Anil Dinkçi
nm1965965,Münire Apaydin
nm9699567,Esma Soysal
nm1734873,Mehmet Ali Nuroglu
nm8793241,Almila Ada
nm0462958,Nursel Köse
nm6905845,Genco Ozak
nm9600219,Eslem Akar
nm0759644,Menderes Samancilar
nm1437386,Devrim Saltoglu
nm2054542,Toprak Saglam
nm1758572,Osman Albayrak
nm8639055,Dilan Telkok
nm1106874,Sam Djob
nm1699409,Gülen Karaman
nm8039966,Gözde Fidan
nm1728358,Isil Dayioglu
nm7063249,Sabri Memi
nm7754254,Bestemsu Özdemir
nm1036864,Eleanor Shaw
nm2704629,Burak Özçivit
nm5068369,Nurettin Sönmez
nm1614701,Ragip Savas
nm1854824,Saruhan Hünel
nm2500777,Aysegül Günay
nm2847544,Alma Terzic
nm1906779,Tugrul Çetiner
nm4905888,Emre Basalak
nm1104692,Elle Bessière
nm6905844,Buse Arslan
nm1023708,Claus Walter
nm5512445,Açelya Özcan
nm7943195,Emel Dede
nm5543908,Eren Vurdem
nm8874913,Yigit Ucan
nm2380132,Aysen Gürler
nm2433455,Abidin Yerebakan
nm2900622,Ismail Hakki Ürün
nm5423278,Seda Yildiz
nm2431887,Ugur Aslan
nm1699092,Burak Sarimola
nm9261239,Latif Koru
nm2066282,Didem Balçin
nm1513231,Volkan Basaran
nm1115227,Laura Shapanus
nm8209889,Muammer Çagatay Keser
nm8384991,Metehan Kuru
nm1115228,Rod P. Sharpe
nm4276272,Mehmet Sabri Arafatoglu
nm9748421,Mete Deran
nm1041123,Inga Palacz
nm8537483,Ahmet Kiliç
nm1116405,Jean Bot
nm1115226,Mariya Shamanskaya
nm8186266,Celal Al
nm6394105,Kadir Polatçi
nm8842954,Abdul Susler
nm8253914,Sevket Çapkinoglu
nm4545380,Selin Deveci
nm7957191,Alp Navruz
nm6687877,Ceren Yilmaz
nm2515011,Selim Bayraktar
nm1728214,Hatice Aslan
nm1012576,Serhat Özcan
nm1084656,Marvin Jackson
nm4598046,Sabahat Kumas
nm3807222,Mine Kiliç
nm5411225,Miray Akay
nm2588625,Gökhan Bekletenler
nm3104126,Asiye Dinçsoy
nm4213718,Korkmaz Arslan
nm1698916,Baris Küçükgüler
nm9519219,Pelin Abay
nm9783029,Serkan Acay
nm1166141,Fátima Mamede
nm7322144,Doga Zeynep Doguslu
nm1125970,Andy Gentiles
nm1070513,Ayten Uncuoglu
nm1754337,Simge Selçuk
nm6712012,Asli Erdemir
nm1698886,Ahmet Kaynak
nm1143939,Tim Pope
nm6772181,Ayse Kaya
nm0260539,Itir Esen
nm1166473,Raffaele Morellato-Lampis
nm1015953,John
nm1117319,does not exist
nm1166476,Harri S. Morgan
nm8874873,Berk Günesberk
nm1845365,Umut Karadag
nm1166486,Lauri Morrison
nm6640916,Baris Terkoglu
nm1166487,Eve Morrison
nm1030442,Oktay Kaynarca
nm5068051,Yunus Emre Yildirimer
nm4373784,Ozan Akbaba
nm0015012,Sabina Ajrula
nm3395875,Hakan Karsak
nm1816850,Savas Özdemir
nm1753307,Sevinç Gürsen Akyildiz
nm1773111,Kenan Çoban
nm1699148,Turgay Tanülkü
nm9541575,Mustafa Vuran
nm2317624,Sevil Aki
nm1699240,Tarik Ünlüoglu
nm8243376,Yalcin Hafizoglu
nm6338727,Can Bartu Aslan
nm1843960,Deniz Çakir
nm7686220,Zeynep Melis Girsen
nm1745079,Erkan Bektas
nm8209133,Ömer Kurt
nm7686219,Yasemin Sakallioglu
nm2324150,Tuna Orhan
nm9517784,Okan Turan
nm7651710,Haydar Sisman
nm1816529,Atilla Sendil
nm9541574,Hakan Orge
nm6083508,Sedat Kalkavan
nm1779926,Kemal Basar
nm0959882,Sanem Çelik
nm1728060,Emre Törün
nm1799919,Ece Hakim
nm8334724,Anil Kir
nm9716117,Mert Ögüt
nm1201827,Yüksel Arici
nm5534297,Ahmet Ozarslan
nm4786389,Ilker Kaleli
nm1760353,Ceren Moray
nm8141944,Afra Saraçoglu
nm2565069,Serhat Mustafa Kiliç
nm1763577,Serkan Keskin
nm1135171,V. Aristakesyan
nm3692764,Hasan Sahinturk
nm0765179,Ruhi Sari
nm5530178,Elif Ceren Balikçi
nm9540584,Efekan Can
nm1139751,Aled Evans
nm1065332,Traci Glodery
nm4577610,Ezgi Gör
nm1113026,Jim Wyatt
nm5529617,Burak Can Araz
nm1017615,Fern Bellavance
nm1141574,Yumi Hiroki
nm8610470,Ismail Karagöz
nm8399560,Hakan Dinçkol
nm8070811,Cansin Senel
nm5543882,Beran Soysal
nm1031533,Birgitte Møller-Nielsen
nm4230724,Basak Koyuncuoglu
nm8700157,Cansu Büsra Tuman
nm1029477,Kevin Frankoff
nm2585216,Reyhan Ilhan
nm1140118,Jeffrey Shuken
nm4335569,Deniz Baysal
nm3113502,Algi Eke
nm5162680,Selen Domaç
nm7686245,Aleyna Solaker
nm4606131,Seçkin Özdemir
nm3601734,Yigit Kirazci
nm4259091,Nilay Erdönmez
nm9476442,Neslihan Arslan
nm2375393,Servet Pandur
nm1947438,Ali Il
nm1014775,Abdelghani Ezouine
nm5578203,Cansu Firinci
nm2518553,Gökhan Soylu
nm6069032,Gamze Karaduman
nm6870283,Melisa Akman
nm8703572,Hazal Benli
nm1059360,Aysenil Samlioglu
nm3719585,Özer Arslan
nm1064028,Hans-Werner Schwarze
nm1759426,Erkan Petekkaya
nm3427444,Sebnem Bozoklu
nm5645482,Ilayda Çevik
nm3022650,Öykü Gürman
nm1249031,Ertan Saban
nm1795778,Altan Gördüm
nm1438286,Mehmet Atay
nm0959870,Ugur Çavusoglu
nm9289453,Aslihan Malbora
nm1017891,Lekhni Desai
nm1974012,Selim Gürata
nm9734686,Ebru Emre
nm1152331,Petar Nikolov
nm1046758,Siamak Shayeghi
nm1152477,Constantin Andrieu
nm1104258,Brad Scott
nm7686242,Biran Damla Yilmaz
nm1759788,Burak Yörük
nm0946912,Sumru Yavrucuk
nm1090104,Ismael Jardon
nm0082211,Haluk Bilginer
nm0845748,Nur Sürer
nm1778124,Ali Atay
nm1754427,Tülin Özen
nm2071234,Bartu Küçükçaglayan
nm6174201,Merve Ates
nm1092628,Defne Halman
nm7045897,Cem Zeynel Kiliç
nm7376489,Isabella Damla Guvenilir
nm7376490,Selin Sezgin
nm9635747,Hasan Balliktas
nm5956683,Derya Sen
nm9635758,Deniz Irem Morkoç
nm1759881,Yildiz Asyali
nm1731629,Engin Altan Düzyatan
nm0201000,Hülya Darcan
nm2065552,Cengiz Coskun
nm8209426,Hakan Serim
nm8226385,Edip Zeydan
nm3499207,Ayberk Pekcan
nm0816435,Ozman Sirgood
nm8209170,Meliksah Özen
nm7400297,Gökhan Karacik
nm2339248,Cavit Çetin Güner
nm8228289,Melih Özdogan
nm4076176,Burçin Abdullah
nm2193297,Murat Garibagaoglu
nm4199477,Kaan Tasaner
nm7056472,Alina Boz
nm1460227,Dolunay Soysert
nm1728222,Ebru Aykaç
nm9878816,Emre Bey
nm1007159,Seray Gözler
nm1699639,Gökçe Yanardag
nm4605763,Yüksel Ünal
nm9963357,Yigit Kagan Yazici
nm8024930,Cemre Gümeli
nm2387217,Burak Tamdogan
nm8487138,Ertugrul Postoglu
nm6881769,Cemre Baysel
nm9963358,Özgür Kaymak
nm1197570,Ercan Özdal
nm6844212,Günes Zavrak
nm7057528,Kagan Uluca
nm4395748,Pinar Tore
nm9302832,Ipek Filiz Yazici
nm6751009,Serkan Çayoglu
nm7495853,Hande Erçel
nm8464710,Hazal Subasi
nm1488529,Ahmet Mümtaz Taylan
nm0785080,Burak Sergen
nm0947989,Erdal Yildiz
nm4064614,Deniz Sen Hamzaoglu
nm1833834,Funda Ilhan
nm1193604,Sehsuvar Aktas
nm0136309,Melih Çardak
nm5929886,Serhat Midyat
nm3104867,Banu Fotocan
nm6131602,Mehmet Yilmaz Ak
nm1284820,Hasan Yalnizoglu
nm9477553,Selcuk Borak
nm1759644,Ugur Tasdemir
nm4410927,Turhan Kaya
nm3713756,Tolga Saritas
nm6441344,Meric Aral
nm3792514,Nihat Altinkaya
nm6129438,Görkem Sevindik
nm7687373,Burak Sevinç
nm5273658,Yagmur Ün
nm2386023,Nil Günal
nm7478305,Aybüke Pusat
nm8470846,Mustafa Yildiran
nm2013266,Atsiz Karaduman
nm4927969,Ulas Tuna Astepe
nm7495855,Irem Helvacioglu
nm2118133,Sinan Tuzcu
nm1960549,Sait Genay
nm7818141,Cem Kenar
nm1728175,Hilmi Özçelik
nm1800339,Nalan Kuruçim
nm9598488,Belfu Benian
nm9598494,Duygu Ustunbas
nm9598493,Demir Birinci
nm9598492,Dila Aktas
nm2546705,Sendogan Öksüz
nm7162414,Dilek Denizdelen
nm9828762,Temmuz Gürkan Karaca
nm7973383,Emre Ön
nm9598490,Pala Dayi
nm7819499,Çagla Özavci
nm7973388,Senem Göktürk
nm1815460,Erdal Cindoruk
nm9614222,Erkan Yuce
nm8236500,Ali Kemal Yilmaz
nm5028767,Sema Sahingöz
nm9733722,Özgür Yolcu
nm1049509,Sam Bathurst
nm1686956,Pinar Altug
nm1499518,Tamer Karadagli
nm1027718,Ferdi Akarnur
nm1689861,Zeyno Günenç
nm1690563,Melek Sahin
nm1689254,Alparslan Özmol
nm1689171,Süleyman Yagci
nm4137377,Sükrü Koruyucu
nm1689260,Meriç Acemi
nm1248508,Furkan Kizilay
nm1687009,Mehmet Auf
nm5956697,Alp Eren Khamis
nm9351446,Öykü Güven
nm1753812,Volkan Severcan
nm9495225,Sinem Güven Yanik
nm6836940,Tunahan Büyükercan
nm3335294,Serkan Balbal
nm9613650,Yakup Uysal
nm1202831,Emin Gümüskaya
nm5160642,Bengisu Ozenel
nm2306680,Gulnihal Demir
nm1311238,Müfit Can Saçinti
nm9351449,Cem Güven
nm4139678,Kahraman Özalp
nm1833525,Kivanç Tatlitug
nm5724370,Elçin Sangu
nm3517512,Melisa Pamuk
nm2380484,Onur Saylak
nm1699321,Rojda Demirer
nm5023881,Hakan Kurtas
nm0133448,Erkan Can
nm9482096,Gökçen Bilge Çiftçi
nm1196462,Yildirim Simsek
nm9410945,Arif Mustafa Güney
nm1027616,Andrew Sears
nm6181587,Efecan Senolsun
nm0880130,Mustafa Ugurlu
nm0845578,Sebnem Sönmez
nm9478969,Furkan Kalabalik
nm0839687,Ali Sürmeli
nm9743864,Buçe Buse Kahraman
nm1044520,does not exist
nm1728411,Demet Evgar
nm2899919,Çagdas Onur Öztürk
nm2477527,Ayça Damgaci
nm9600218,Çigdem Benli
nm7753701,Ümmü Putgül
nm9737205,Saniye Samra
nm9329507,Hüseyin Turunç
nm6442587,Berna Eker
nm7421877,Görkem Mertsöz
nm1862376,Onuryay Evrentan
nm9182816,Efsane Odag
nm9600220,Mihrimah Cankur
nm2478679,Kenan Ece
nm8121712,Deniz Barut
nm2457074,Nergis Öztürk
nm2498137,Selen Seyven
nm1699570,Hülya Sen
nm9815935,Muazzez Kirikci
nm6713570,Ayberk Aladar
nm5451817,Mert Tanik
nm3781904,Simel Keçecioglu
nm9071076,Nurhak Mine Soz
nm7487583,Deniz Can Aktas
nm4620751,Muhammet Çakir
nm9704652,Kadir Satan
nm3991358,Abigail Boucher
nm0767522,Meltem Savci
nm8335082,Bülent Keser
nm2700631,Hazal Kaya
nm6541188,Burak Deniz
nm6176282,Yagiz Can Konyali
nm9189988,Zeynep Selimoglu
nm9189989,Ömer Sevgi
nm8250915,Alp Akar
nm2867340,Mehmetcan Mincinozlu
nm1863960,Nesrin Cavadzade
nm9200389,Nejat Uygur
nm6452822,Evrim Dogan
nm3374324,Berkay Akin
nm8762123,Murat Bölücek
nm9628115,Melisa Döngel
nm9737535,Abdülsamet Özcan
nm0947721,Nurgül Yesilçay
nm0655076,Tarik Pabuccuoglu
nm1768087,Ece Sükan
nm7699456,Burak Dakak
nm9473365,Gulcin Kultur Sahin
nm2704972,Sefika Tolun
nm3372689,Hakan Atalay
nm9979593,Furkan Ogulcan Ilker
nm1019344,Michael King
nm8095638,Sureyya Kilimci
nm1012794,does not exist
nm1727012,Cem Bender
nm2183974,Haluk Cömert
nm7973230,Irem Kahyaoglu
nm4399579,Sezgi Deniz
nm1012795,Frank Barnes
nm1699600,Tugçe Tamer
nm7121303,Eren Sahin
nm1384721,Özcan Deniz
nm2664819,Asli Enver
nm1699275,Ipek Bilgin
nm2456269,Salih Bademci
nm1295127,Firat Tanis
nm7465534,Dilara Aksüyek
nm4937354,Güven Murat Akpinar
nm1303247,Neslihan Yeldan
nm1459846,Pelinsu Pir
nm1869741,Nergis Çorakçi
nm1759822,Sabri Özmener
nm9476497,Eren Balkan
nm9478917,Artun Kasapoglu
nm2416236,Tamer Levent
nm1091148,Tilbe Saran
nm1081069,Semra Dinçer
nm8911731,Berkay Hardal
nm9410909,Hira Koyuncuoglu
nm1117310,Hakan Altiner
nm2119149,Özge Borak
nm2744078,Bugra Gülsoy
nm6905846,Beren Gokyildiz
nm5835167,Leyla Lydia Tugutlu
nm4929125,Tugay Mercan
nm6478064,Deniz Ali Cankorur
nm9182889,Eliz Nese Çagin
nm0783062,Suna Selen
nm6382523,Faruk Barman
nm1013423,Lydia Ley
nm7097848,Can Yaman
nm6728387,Öznur Serçeler
nm5116708,Özlem Tokaslan
nm7434685,Birand Tunca
nm5728301,Cihan Ercan
nm3744779,Tugçe Kumral
nm4674384,Anil Çelik
nm9756952,Feri Baycu Güler
nm8784410,Sibel Sisman
nm8805150,Ceren Tasci
nm9515702,Ali Yagci
nm5424479,Sevcan Yasar
nm1856654,Asuman Çakir
nm1156535,Ipek Tenolcay
nm6711197,Tugca Beker
nm1003804,Andi Bushell
nm5400276,Özgürcan Cevik
nm4198134,Emir Berke Zincidi
nm1020546,Sarah Kershaw
nm1759018,Burak Hakki
nm2488348,Nihan Okutucu
nm0455995,Mazlum Kiper
nm1076381,Buket Dereoglu
nm6806344,Feyha Çelenk
nm1020547,Marcia Klemm
nm1000324,Angelov
nm2897037,Sinem Ergin
nm7726969,Mustafa Baris Taskin
nm1759520,Atilla Saral
nm5188189,Berrin Arisoy
nm5731467,Gürkan Kaçar
nm9724550,Merve Atabek
nm1023158,Kristina Low
nm9042147,Ilke Korkmaz
nm8541313,Bülent Senman
nm9484822,Reyhan Sadikoglu
nm7726968,Cengiz Gezgin
nm4065795,Emre Yilmaz
nm8912064,Nurkan Törün
nm1012922,David Adleson
nm8189569,Reyhan Uluekinci
nm0039530,Mehmet Aslantug
nm1742715,Ayça Bingöl
nm3135911,Nur Fettahoglu
nm0019774,Engin Alkan
nm1036608,Tara Jones
nm2516304,Elif Cakman
nm6410889,Batuhan Eksi
nm4337370,Handan Yildirim
nm1758818,Murat Daltaban
nm0648531,Çigdem Selisik Onat
nm5230870,Furkan Andic
nm9662826,Melis Hacic
nm1001195,Emre Kinay
nm1855748,Begüm Birgören
nm2498074,Cemal Toktas
nm1728964,Aliye Uzunatagan
nm4245708,Inanç Konukçu
nm2898497,Filiz Ahmet
nm4236434,Cenk Kangöz
nm6069036,Aybars Kartal Özson
nm7817986,Berna Koraltürk
nm6711710,Necat Bayar
nm6010183,Ruveyda Öksuz
nm1046714,Brian Scolaro
nm4231971,Aziz Sarvan
nm1048783,Caleb H. Poynter
nm7228966,Özgür Bayraktar
nm1784225,Tayanç Ayaydin
nm1699257,Vildan Atasever
nm8384641,Hilmi Cem Intepe
nm8690063,Anil Tetik
nm1726942,Alpay K. Atalan
nm8384645,Tugay Bahsi
nm6711418,Arda Aranat
nm4946740,Atakan Yilmaz
nm1036476,Julie Fair
nm9777586,Rüya Demirbulut
nm9401075,Dogan Can Sarikaya
nm5725878,Ibrahim Yildiz
nm8572940,Cansu Türedi
nm7468520,Sakir Güler
nm1046038,Arne Christian Magnussen
nm1688730,Hakan Salinmis
nm1048126,does not exist
nm9419745,Fatih Altun Yayla
nm9249517,Bülent Ergün
nm1118584,Kadriye Kenter
nm1049528,Susanne Berckhemer
nm5431272,Burak Çimen
nm1048127,Cheryl Daniel
nm9547657,Ceren Koç
nm1057933,Chester Bennington
nm1815635,Hakki Ergök
nm1069689,Pavel Lipetsky
nm1058136,Benjamin Cotello
nm1084874,Nazan Ayas
nm6882090,Baris Arduç
nm5545310,Burcu Biricik
nm9619032,Caner Sahin
nm9451444,Ahsen Eroglu
nm1030242,Hiromichi Iwasaki
nm1760066,Ipek Erdem
nm7519252,Derya Beserler
nm1048806,Jessie Shows
nm5201513,Su Burcu Coskun
nm0849789,Settar Tanriögen
nm9622494,Nuray Serefoglu
nm0960372,Levent Ülgen
nm2414682,Ferit Kaya
nm4547576,Aykut Yilmaz
nm9815092,Hande Dilan Hanci
nm2368422,Orhan Eskin
nm7012591,Yigit Çakir
nm3520517,Ahmet Varli
nm1046322,Clara María Ochoa
nm1938148,Yurdaer Okur
nm2203186,Saygin Soysal
nm2523462,Ipek Karapinar
nm3319431,Deniz Bolisik
nm2529639,Ibrahim Kendirci
nm0022044,Kürsat Alniaçik
nm1649679,Tuncay Beyazit
nm7301468,Sultan Elif Tas
nm6470646,Nevzat Yilmaz
nm1037150,Michael Tipka
nm2635104,Yilmaz Meydaneri
nm1815954,Murat Kiliç
nm1020122,Patricia Leeper
nm8242935,Bahadir Buyruk
nm1044112,Bob Sackler
nm6360567,Caner Topcu
nm2494337,Çetin Yeltekin
nm9714841,Selçuk Bahattin Bayram
nm1052095,Lynn Asma
nm1871491,Fulden Akyürek
nm1053922,Alex Coulik
nm1046965,does not exist
nm1055471,Marcelino Miguel Garcia
nm6713579,Orkun Ok
nm7025759,Murat Ercanli
nm7048163,Nezih Isitan
nm1061198,Judith Jack
nm0951309,Ugur Yücel
nm5561251,Hande Dogandemir
nm4199713,Engin Öztürk
nm1698609,Mesut Akusta
nm1617604,Zeynep Eronat
nm1028315,Yesim Ceren Bozoglu
nm0465755,Macit Koper
nm2149937,Yesim Gül Aksar
nm1727005,Durul Bazan
nm5879333,Gözde Cigaci
nm5293970,Gulsim Ali
nm9633306,Özge Akdeniz
nm9167029,Derda Yasir Yenal
nm8765681,Cansu Dagdelen
nm7668439,Cihat Suvarioglu
nm7752573,Dilhan Aras
nm9760735,Yunus Derli
nm1053885,Claude Baret
nm8639198,Ezgi Baran
nm1043029,Benny Philips
nm1053884,Alexander Bard
nm7250981,Burak Kaya
nm9877060,Cengiz Sevim
nm7099100,Burak Temiz
nm8725722,Isik Yildiz
nm8303915,Hüseyin Yirik
nm2700302,Ali Çakalgöz
nm1002995,Tracey Evans
nm8789237,Fatma Altintas
nm1014276,Julie Gant
nm1038327,Donna Dubain
nm1012820,Jeff Kahn
nm1053772,Spencer Riviera
nm1760183,Aysen Inci
nm1756265,Özgür Özberk
nm7376492,Cemre Melis Çinar
nm6509941,Utku Corbaci
nm9390890,Elif Erol
nm9764516,Canan Karanlik
nm7288238,Emre Çaltili
nm1001226,Mayumi Kousoka
nm9586191,Nuray Erkol
nm5513696,Sezgin Irmak
nm1053773,Robert Rodriguez
nm9594402,Ozan Turan
nm9665011,Lale Gençtürk
nm2433357,Sevim Gelenbe
nm0945884,Arzu Yanardag
nm1300254,Binnur Kaya
nm6348059,Gökhan Alkan
nm2183200,Osman Sonant
nm1284458,Evrim Solmaz
nm8384990,Elif Dogan
nm5992668,Gülcan Arslan
nm4236495,Sacide Tasaner
nm5152217,Mert Asker
nm4435873,Serpil Göral
nm3192975,Veda Yurtsever Ipek
nm7344501,Hande Yilmaz
nm9619131,Sidal Damar
nm8690066,Melis Sezen
nm2464607,Selen Uçer
nm4225874,Tolga Güleç
nm7449273,Tugçe Açikgöz
nm6237659,Ferdi Sancar
nm1748275,Lale Basar
nm9116497,Selahattin Pasali
nm9749334,Kerim Tuna Kara
nm8802955,Ziya Çiçek
nm1060377,Greedy Greg
nm4210033,Mehmet Avci
nm1729015,Nurinisa Yildirim
nm1015022,Quentin Jacobsen
nm1024361,Elias Garay
nm1265147,Mert Asutay
nm9669577,Almaç Sarikaya
nm1021677,Jason Jessee
nm1062451,Sachi Kawamata
nm9834965,Hatice Kalamanoglu
nm6709346,Pinar Kartal
nm1062450,Tomie Katô
nm2409214,Ali Savasçi
nm1031311,Rashel Mereness
nm1024965,Óscar Ochoa
nm1038078,Jerry 'Egon' Phillips
nm1018646,Natile Orango
nm0443221,Bülent Kayabas
nm2413841,Tülay Bursa
nm8696428,Keremcan Köse
nm8696429,Tülay Köneçoglu
nm1011494,Oya Küçümen
nm0015130,Demet Akbag
nm6751011,Aras Aydin
nm1779091,Özgür Çevik
nm8384642,Ezgi Senler
nm2310017,Burcu Tuna
nm2360261,Nihan Büyükagaç
nm2564837,Riza Akin
nm1855926,Bedia Ener
nm2208334,Tolga Evren
nm8805152,Ömrüm Nur Çamçakalli
nm1073622,Ján Sedal
nm3035019,Emre Melemez
nm2028940,Özlem Çakman
nm6595528,Cenk Hakan Köksal
nm1815627,Halim Ercan
nm5229207,Slagana Vujosevic
nm9666563,Yusuf Baymaz
nm2912214,Esin Alpogan
nm1088660,Patricia Page
nm2637451,Oral Özer
nm5880157,Su Kutlu
nm9519220,Baran Can Eraslan
nm4912805,Murat Kekilli
nm1855365,Bülent Seyran
nm8237692,Musab Ekici
nm6794525,Ege Yazar
nm1071452,Lou Rosenthal
nm0043841,Jale Aylanç
nm1967434,Keremcem
nm9556265,Özgü Kaya
nm6812437,Burak Serdar Sanal
nm2102062,Ferdi Kurtuldu
nm1705809,Selda Özbek
nm1772505,Adnan Biricik
nm2387875,Özlem Baskaya
nm1728170,Timur Ölkebas
nm9508844,Burak Haktanir
nm2498027,Onur Dikmen
nm8384644,Zehra Yilmaz
nm1081018,Sylvia De Boer
nm4788212,Vahdet Çakar
nm1030657,Yiorgos Krimizakis
nm1959177,Kubilay Penbeklioglu
nm1998753,Mehmet Ali Kaptanlar
nm3428108,Sevtap Özaltun
nm0438895,Fatma Karanfil
nm1063339,André Lannes
nm5147887,Furkan Palali
nm7465536,Asli Bekiroglu
nm8379530,Lavinya Ünlüer
nm6823904,Gonca Sariyildiz
nm7785462,Asli Inandik
nm4873935,Sadi Celil Cengiz
nm5964397,Seda Turkmen
nm6338726,Ali Yogurtcuoglu
nm1104784,Keisha Buchanan
nm1196299,Ahmet Saraçoglu
nm1078045,Goncagül Sunar
nm6354063,Melek Tanker
nm1856082,Feyza Isik
nm1107056,does not exist
nm2338933,Ege Kökenli
nm1013238,David Salyers
nm1068801,Katja Cahill
nm2360926,Cem Cücenoglu
nm7144142,Fatih Özkan
nm9573647,Ayfer Tokatli
nm6968046,Aziz Caner Inan
nm1281490,Ayse Tunaboylu
nm1699573,Binnur Serbetçioglu
nm1087287,Luis Rial
nm1087286,Kurt Reichert
nm1087562,Maro Parian
nm3894793,Ali Barkin
nm7487577,Beste Kökdemir
nm6356310,Eylül Su Sapan
nm1797942,Alptekin Serdengeçti
nm0349777,Ozan Güven
nm3020763,Serenay Sarikaya
nm0348347,Mehmet Günsür
nm2129812,Berrak Tüzünataç
nm7487576,Büsra Develi
nm7404044,M. Ferhan Sensoy
nm1779314,Tülay Günal
nm2432111,Emir Benderlioglu
nm8222411,Armagan Oguz
nm1795396,Sahin Ergüney
nm7973027,Enes Atis
nm9751734,Eda Sölenci
nm9486768,Oktay Çubuk
nm7057531,Sezin Bozaci
nm1728311,Laçin Ceylan
nm7818139,Deniz Altan
nm2380011,Korel Cezayirli
nm3532788,Pelin Öztekin
nm2385129,Hasan Küçükçetin
nm9635753,Girayhan Çilingiroglu
nm1855647,Nusret Çetinel
nm9500433,Canan Ürekil
nm6806343,Ismail Demirci
nm2072730,Aslihan Güner
nm9182888,Gizem Günes
nm1089085,Albert Barthelemo
nm3252462,Aslihan Kapansahin
nm6751100,Toygan Avanoglu
nm5645341,Zeynep Kankonde
nm1870668,Hüseyin Soysalan
nm2368105,Ugur Demirpehlivan
nm1093475,Doug Alexander
nm0059941,Cezmi Baskin
nm6122126,Burak Can
nm7817985,Özgün Karaman
nm6708266,Merve Sen
nm1938728,Mert Yavuzcan
nm9514434,Can Kiziltug
nm7788805,Inan Yilmaz
nm6237658,Emrah Ozdilek
nm1013439,Melissa McIntyre
nm2339101,Yasemin Hadivent
nm7752576,Meltem Tuzuner
nm1102667,Mélanie Joly
nm3251456,Zeynep Koltuk
nm6961309,Ayfer Dündar
nm9676795,Noyan Uzer
nm1728933,Burçin Terzioglu
nm3665668,Sarp Akkaya
nm1077904,Engin Senkan
nm1759843,Seda Akman
nm3117945,Begüm Akkaya
nm2132793,Sebnem Dilligil
nm1203229,Cem Kurtoglu
nm3422442,Gülizar Irmak
nm3699244,Ali Riza Kubilay
nm2896846,Oktay Oy
nm7119223,Kerem Arslanoglu
nm4996759,Cihan Yenici
nm6713575,Oyku Naz Altay
nm1108000,Melinda Simon
nm2379003,Elit Iscan
nm9771599,Miraç Sözer
nm1017605,Valdemir Becerra
nm0351546,Ünal Silver
nm1699619,Ece Uslu
nm6024514,Sevda Erginci
nm5741358,Burak Yamantürk
nm4874211,Elifcan Ongurlar
nm7487582,Özge Özacar
nm6126682,Burak Çelik
nm6199424,Çiçek Acar
nm3119894,Melih Selcuk
nm7860292,Candas Yilanci
nm4264654,Renan Bilek
nm3371175,Ibrahim Coskun
nm1112857,Georgi Yanev
nm1015791,Els Van Lierde
nm1799619,Mihriban Er
nm1854583,Burak Demir
nm7143863,Ali Beyat
nm1143239,Mustafa Avkiran
nm8612612,Duygu Sarisin
nm1047987,Orhan Kilic
nm1862374,Basak Dasman
nm3580364,Serkan Altintas
nm2920902,Zeynep Kiziltan
nm1002692,Silvio Frank
nm5546406,Ufuk Sen
nm9737523,Taha Baran Özbek
nm1114409,D. Kirman
nm2525905,Fahri Öztezcan
nm3742255,Çetin Sarikartal
nm1903603,Galip Erdal
nm1116722,Norm Mays
nm9867342,Dilan Mutlu
nm1754048,Cansu Dere
nm7056473,Leyla Tanlar
nm0756332,Yildiray Sahinler
nm4160120,Ushan Çakir
nm1017795,Emel Çölgeçen
nm7631423,Alican Barlas
nm4250329,Zeynep Özyagcilar
nm3979947,Nihan Gur
nm4899930,Durukan Çelikkaya
nm9903926,Serdar Akülker
nm9888022,Ecenaz Üçer
nm8792503,Göksenin Uçarer
nm4578462,Melissa Deger
nm2175355,Egemen Yavuz
nm9771592,Mert Zaim
nm9690537,Özgür Avsar
nm9736968,Nizamettin Özkaya
nm1120150,Can Özer
nm1159958,Daphne Orrell
nm1735322,Isil Yücesoy
nm8651415,Samet Gürsel
nm4673510,Basri Albayrak
nm1034514,Danna Jones
nm1118454,Oleg Ilyinsky
nm1072388,Luigi Mantoni
